<?xml version="1.0" encoding="ISO-8859-1"?>
<atlas version="2.0">
	<header>
		<name>ROI_MNI_V6</name>
		<version>3.0</version>
		<description>ROI_MNI_V6</description>
		<url></url>
		<licence></licence>
		<coordinate_system>MNI</coordinate_system>
		<type>Label</type>
		<images>
			<imagefile>ROI_MNI_V6.nii</imagefile>
		</images>
	</header>
	<data>
		<label><index>1</index><name>Precentral_L</name></label>
		<label><index>2</index><name>Precentral_R</name></label>
		<label><index>3</index><name>Frontal_Sup_2_L</name></label>
		<label><index>4</index><name>Frontal_Sup_2_R</name></label>
		<label><index>5</index><name>Frontal_Mid_2_L</name></label>
		<label><index>6</index><name>Frontal_Mid_2_R</name></label>
		<label><index>7</index><name>Frontal_Inf_Oper_L</name></label>
		<label><index>8</index><name>Frontal_Inf_Oper_R</name></label>
		<label><index>9</index><name>Frontal_Inf_Tri_L</name></label>
		<label><index>10</index><name>Frontal_Inf_Tri_R</name></label>
		<label><index>11</index><name>Frontal_Inf_Orb_2_L</name></label>
		<label><index>12</index><name>Frontal_Inf_Orb_2_R</name></label>
		<label><index>13</index><name>Rolandic_Oper_L</name></label>
		<label><index>14</index><name>Rolandic_Oper_R</name></label>
		<label><index>15</index><name>Supp_Motor_Area_L</name></label>
		<label><index>16</index><name>Supp_Motor_Area_R</name></label>
		<label><index>17</index><name>Olfactory_L</name></label>
		<label><index>18</index><name>Olfactory_R</name></label>
		<label><index>19</index><name>Frontal_Sup_Medial_L</name></label>
		<label><index>20</index><name>Frontal_Sup_Medial_R</name></label>
		<label><index>21</index><name>Frontal_Med_Orb_L</name></label>
		<label><index>22</index><name>Frontal_Med_Orb_R</name></label>
		<label><index>23</index><name>Rectus_L</name></label>
		<label><index>24</index><name>Rectus_R</name></label>
		<label><index>25</index><name>OFCmed_L</name></label>
		<label><index>26</index><name>OFCmed_R</name></label>
		<label><index>27</index><name>OFCant_L</name></label>
		<label><index>28</index><name>OFCant_R</name></label>
		<label><index>29</index><name>OFCpost_L</name></label>
		<label><index>30</index><name>OFCpost_R</name></label>
		<label><index>31</index><name>OFClat_L</name></label>
		<label><index>32</index><name>OFClat_R</name></label>
		<label><index>33</index><name>Insula_L</name></label>
		<label><index>34</index><name>Insula_R</name></label>
		<label><index>35</index><name>Cingulate_Ant_L</name></label>
		<label><index>36</index><name>Cingulate_Ant_R</name></label>
		<label><index>37</index><name>Cingulate_Mid_L</name></label>
		<label><index>38</index><name>Cingulate_Mid_R</name></label>
		<label><index>39</index><name>Cingulate_Post_L</name></label>
		<label><index>40</index><name>Cingulate_Post_R</name></label>
		<label><index>41</index><name>Hippocampus_L</name></label>
		<label><index>42</index><name>Hippocampus_R</name></label>
		<label><index>43</index><name>ParaHippocampal_L</name></label>
		<label><index>44</index><name>ParaHippocampal_R</name></label>
		<label><index>45</index><name>Amygdala_L</name></label>
		<label><index>46</index><name>Amygdala_R</name></label>
		<label><index>47</index><name>Calcarine_L</name></label>
		<label><index>48</index><name>Calcarine_R</name></label>
		<label><index>49</index><name>Cuneus_L</name></label>
		<label><index>50</index><name>Cuneus_R</name></label>
		<label><index>51</index><name>Lingual_L</name></label>
		<label><index>52</index><name>Lingual_R</name></label>
		<label><index>53</index><name>Occipital_Sup_L</name></label>
		<label><index>54</index><name>Occipital_Sup_R</name></label>
		<label><index>55</index><name>Occipital_Mid_L</name></label>
		<label><index>56</index><name>Occipital_Mid_R</name></label>
		<label><index>57</index><name>Occipital_Inf_L</name></label>
		<label><index>58</index><name>Occipital_Inf_R</name></label>
		<label><index>59</index><name>Fusiform_L</name></label>
		<label><index>60</index><name>Fusiform_R</name></label>
		<label><index>61</index><name>Postcentral_L</name></label>
		<label><index>62</index><name>Postcentral_R</name></label>
		<label><index>63</index><name>Parietal_Sup_L</name></label>
		<label><index>64</index><name>Parietal_Sup_R</name></label>
		<label><index>65</index><name>Parietal_Inf_L</name></label>
		<label><index>66</index><name>Parietal_Inf_R</name></label>
		<label><index>67</index><name>SupraMarginal_L</name></label>
		<label><index>68</index><name>SupraMarginal_R</name></label>
		<label><index>69</index><name>Angular_L</name></label>
		<label><index>70</index><name>Angular_R</name></label>
		<label><index>71</index><name>Precuneus_L</name></label>
		<label><index>72</index><name>Precuneus_R</name></label>
		<label><index>73</index><name>Paracentral_Lobule_L</name></label>
		<label><index>74</index><name>Paracentral_Lobule_R</name></label>
		<label><index>75</index><name>Caudate_L</name></label>
		<label><index>76</index><name>Caudate_R</name></label>
		<label><index>77</index><name>Putamen_L</name></label>
		<label><index>78</index><name>Putamen_R</name></label>
		<label><index>79</index><name>Pallidum_L</name></label>
		<label><index>80</index><name>Pallidum_R</name></label>
		<label><index>81</index><name>Thalamus_L</name></label>
		<label><index>82</index><name>Thalamus_R</name></label>
		<label><index>83</index><name>Heschl_L</name></label>
		<label><index>84</index><name>Heschl_R</name></label>
		<label><index>85</index><name>Temporal_Sup_L</name></label>
		<label><index>86</index><name>Temporal_Sup_R</name></label>
		<label><index>87</index><name>Temporal_Pole_Sup_L</name></label>
		<label><index>88</index><name>Temporal_Pole_Sup_R</name></label>
		<label><index>89</index><name>Temporal_Mid_L</name></label>
		<label><index>90</index><name>Temporal_Mid_R</name></label>
		<label><index>91</index><name>Temporal_Pole_Mid_L</name></label>
		<label><index>92</index><name>Temporal_Pole_Mid_R</name></label>
		<label><index>93</index><name>Temporal_Inf_L</name></label>
		<label><index>94</index><name>Temporal_Inf_R</name></label>
		<label><index>95</index><name>Cerebellum_Crus1_L</name></label>
		<label><index>96</index><name>Cerebellum_Crus1_R</name></label>
		<label><index>97</index><name>Cerebellum_Crus2_L</name></label>
		<label><index>98</index><name>Cerebellum_Crus2_R</name></label>
		<label><index>99</index><name>Cerebellum_3_L</name></label>
		<label><index>100</index><name>Cerebellum_3_R</name></label>
		<label><index>101</index><name>Cerebellum_4_5_L</name></label>
		<label><index>102</index><name>Cerebellum_4_5_R</name></label>
		<label><index>103</index><name>Cerebellum_6_L</name></label>
		<label><index>104</index><name>Cerebellum_6_R</name></label>
		<label><index>105</index><name>Cerebellum_7b_L</name></label>
		<label><index>106</index><name>Cerebellum_7b_R</name></label>
		<label><index>107</index><name>Cerebellum_8_L</name></label>
		<label><index>108</index><name>Cerebellum_8_R</name></label>
		<label><index>109</index><name>Cerebellum_9_L</name></label>
		<label><index>110</index><name>Cerebellum_9_R</name></label>
		<label><index>111</index><name>Cerebellum_10_L</name></label>
		<label><index>112</index><name>Cerebellum_10_R</name></label>
		<label><index>113</index><name>Vermis_1_2</name></label>
		<label><index>114</index><name>Vermis_3</name></label>
		<label><index>115</index><name>Vermis_4_5</name></label>
		<label><index>116</index><name>Vermis_6</name></label>
		<label><index>117</index><name>Vermis_7</name></label>
		<label><index>118</index><name>Vermis_8</name></label>
		<label><index>119</index><name>Vermis_9</name></label>
		<label><index>120</index><name>Vermis_10</name></label>
		<label><index>121</index><name>Thal_AV_L</name></label>
		<label><index>122</index><name>Thal_AV_R</name></label>
		<label><index>123</index><name>Thal_LP_L</name></label>
		<label><index>124</index><name>Thal_LP_R</name></label>
		<label><index>125</index><name>Thal_VA_L</name></label>
		<label><index>126</index><name>Thal_VA_R</name></label>
		<label><index>127</index><name>Thal_VL_L</name></label>
		<label><index>128</index><name>Thal_VL_R</name></label>
		<label><index>129</index><name>Thal_VPL_L</name></label>
		<label><index>130</index><name>Thal_VPL_R</name></label>
		<label><index>131</index><name>Thal_IL_L</name></label>
		<label><index>132</index><name>Thal_IL_R</name></label>
		<label><index>133</index><name>Thal_Re_L</name></label>
		<label><index>134</index><name>Thal_Re_R</name></label>
		<label><index>135</index><name>Thal_MDm_L</name></label>
		<label><index>136</index><name>Thal_MDm_R</name></label>
		<label><index>137</index><name>Thal_MDl_L</name></label>
		<label><index>138</index><name>Thal_MDl_R</name></label>
		<label><index>139</index><name>Thal_LGN_L</name></label>
		<label><index>140</index><name>Thal_LGN_R</name></label>
		<label><index>141</index><name>Thal_MGN_L</name></label>
		<label><index>142</index><name>Thal_MGN_R</name></label>
		<label><index>143</index><name>Thal_PuA_L</name></label>
		<label><index>144</index><name>Thal_PuA_R</name></label>
		<label><index>145</index><name>Thal_PuM_L</name></label>
		<label><index>146</index><name>Thal_PuM_R</name></label>
		<label><index>147</index><name>Thal_PuL_L</name></label>
		<label><index>148</index><name>Thal_PuL_R</name></label>
		<label><index>149</index><name>Thal_PuI_L</name></label>
		<label><index>150</index><name>Thal_PuI_R</name></label>
		<label><index>151</index><name>ACC_sub_L</name></label>
		<label><index>152</index><name>ACC_sub_R</name></label>
		<label><index>153</index><name>ACC_pre_L</name></label>
		<label><index>154</index><name>ACC_pre_R</name></label>
		<label><index>155</index><name>ACC_sup_L</name></label>
		<label><index>156</index><name>ACC_sup_R</name></label>
		<label><index>157</index><name>N_Acc_L</name></label>
		<label><index>158</index><name>N_Acc_R</name></label>
		<label><index>159</index><name>VTA_L</name></label>
		<label><index>160</index><name>VTA_R</name></label>
		<label><index>161</index><name>SN_pc_L</name></label>
		<label><index>162</index><name>SN_pc_R</name></label>
		<label><index>163</index><name>SN_pr_L</name></label>
		<label><index>164</index><name>SN_pr_R</name></label>
		<label><index>165</index><name>Red_N_L</name></label>
		<label><index>166</index><name>Red_N_R</name></label>
		<label><index>167</index><name>LC_L</name></label>
		<label><index>168</index><name>LC_R</name></label>
		<label><index>169</index><name>Raphe_D</name></label>
		<label><index>170</index><name>Raphe_M</name></label>
	</data>
</atlas>
